<?xml version="1.0" encoding="UTF-8"?>
<cars>
  <!--This stores the attributes of the BMW-->
  <car id="BMW">
    <maxTireGrip>9.81</maxTireGrip>
    <maxAccelB>12.1965</maxAccelB>
    <maxAccelM>-0.052</maxAccelM>
    <maxBrake>12.052</maxBrake>
    <maxSpeed>85</maxSpeed>
    <carName>"BMW M5 Competition"</carName>
    <description>"As the crown jewel of BMW, this car comes with a 4.4-litre V-8 engine with over 600 horsepower"</description>
    <turnradius>6.3</turnradius>
  </car>
  <car id="corvette">
    <maxTireGrip>11.5758</maxTireGrip>
    <maxAccelB>10.6264</maxAccelB>
    <maxAccelM>-0.03892</maxAccelM>
    <maxBrake>12.346</maxBrake>
    <maxSpeed>95.5556</maxSpeed>
    <carName>"Corvette C7 ZR1"</carName>
    <description>"This is the fastest car made by General Motors, equipped with a 6.7-litre supercharged LT1 V8 engine that produces over 700 horsepower"</description>
    <turnradius>5.75</turnradius>
  </car>
  <car id="mercedes">
    <maxTireGrip>6.867</maxTireGrip>
    <maxAccelB>9.1797</maxAccelB>
    <maxAccelM>-0.02927</maxAccelM>
    <maxBrake>12.346</maxBrake>
    <maxSpeed>87.5</maxSpeed>
    <carName>"Mercedes CLS AMG"</carName>
    <description>"Under the clean and stylish look of this car is a 5.5-litre twin-turbo V8 engine with 580 horsepower"</description>
    <turnradius>6.25</turnradius>
  </car>
  <car id="nissan">
    <maxTireGrip>9.32</maxTireGrip>
    <maxAccelB>13.606</maxAccelB>
    <maxAccelM>-0.066</maxAccelM>
    <maxBrake>11.505</maxBrake>
    <maxSpeed>88.889</maxSpeed>
    <carName>"Nissan GTR Nismo"</carName>
    <description>"This powerful and agile sports car boasts 565 horsepower, with a 3.8-litre V-6 engine and 467 pound-feet of torque"</description>
    <turnradius>6.25</turnradius>
  </car>
</cars>
